시군명,기준년월,월별신규가입자수(명),월별충전액(만원),월별사용액(만원)
가평군,2023-12,484.0,405100.0,214000.0
가평군,2023-11,458.0,236800.0,218700.0
가평군,2023-10,555.0,259600.0,233500.0
가평군,2023-09,782.0,311300.0,237600.0
가평군,2023-08,473.0,363100.0,239200.0
가평군,2023-07,580.0,268200.0,253600.0
가평군,2023-06,883.0,419700.0,404300.0
가평군,2023-05,871.0,506400.0,378500.0
가평군,2023-04,855.0,366800.0,405700.0
가평군,2023-03,3130.0,428400.0,360900.0
가평군,2023-02,769.0,303200.0,309200.0
가평군,2023-01,717.0,314000.0,354000.0
고양시,2023-12,3103.0,1576800.0,1299400.0
고양시,2023-11,3247.0,1438900.0,1245000.0
고양시,2023-10,4554.0,1349900.0,1169600.0
고양시,2023-09,4207.0,1050000.0,1102200.0
고양시,2023-08,3527.0,1105700.0,1198900.0
고양시,2023-07,3811.0,1468600.0,1199200.0
고양시,2023-06,2809.0,1017500.0,1171400.0
고양시,2023-05,3722.0,1100600.0,1251400.0
고양시,2023-04,4329.0,1357600.0,1236400.0
고양시,2023-03,4029.0,1337000.0,1181900.0
고양시,2023-02,4467.0,1168000.0,974600.0
고양시,2023-01,4126.0,161000.0,695100.0
과천시,2023-12,535.0,366000.0,371200.0
과천시,2023-11,602.0,333200.0,353800.0
과천시,2023-10,740.0,360400.0,373800.0
과천시,2023-09,1123.0,577600.0,353500.0
과천시,2023-08,798.0,263800.0,277100.0
과천시,2023-07,658.0,289700.0,283200.0
과천시,2023-06,520.0,274600.0,294000.0
과천시,2023-05,506.0,294000.0,314600.0
과천시,2023-04,608.0,293500.0,318100.0
과천시,2023-03,688.0,293300.0,356100.0
과천시,2023-02,819.0,262600.0,359400.0
과천시,2023-01,982.0,570400.0,419700.0
광명시,2023-12,1474.0,210000.0,545300.0
광명시,2023-11,1915.0,929800.0,989800.0
광명시,2023-10,2235.0,898300.0,1129200.0
광명시,2023-09,2486.0,1697000.0,1275600.0
광명시,2023-08,2427.0,852900.0,1011300.0
광명시,2023-07,2718.0,972100.0,1192800.0
광명시,2023-06,3154.0,1041900.0,1403900.0
광명시,2023-05,7015.0,1886100.0,1742700.0
광명시,2023-04,20221.0,1575200.0,1714100.0
광명시,2023-03,12936.0,1833300.0,1384600.0
광명시,2023-02,2690.0,957300.0,1162100.0
광명시,2023-01,2668.0,1708000.0,1254100.0
광주시,2023-12,1375.0,1293600.0,1031700.0
광주시,2023-11,1477.0,1770900.0,1773100.0
광주시,2023-10,1698.0,1241400.0,1012800.0
광주시,2023-09,1613.0,1139400.0,882800.0
광주시,2023-08,1862.0,1523900.0,1437200.0
광주시,2023-07,1852.0,1531700.0,1425400.0
광주시,2023-06,1235.0,926700.0,664200.0
광주시,2023-05,1708.0,1758200.0,1638400.0
광주시,2023-04,1991.0,1611200.0,1760300.0
광주시,2023-03,2103.0,1631700.0,1892200.0
광주시,2023-02,2503.0,1231200.0,1769000.0
광주시,2023-01,2638.0,2698200.0,2370900.0
구리시,2023-12,1240.0,599800.0,781100.0
구리시,2023-11,1257.0,439400.0,773000.0
구리시,2023-10,1679.0,1007900.0,901900.0
구리시,2023-09,1754.0,1483100.0,855700.0
구리시,2023-08,1479.0,567500.0,659700.0
구리시,2023-07,1327.0,633600.0,771200.0
구리시,2023-06,1392.0,464900.0,736700.0
구리시,2023-05,1962.0,1513200.0,930000.0
구리시,2023-04,1666.0,641500.0,726600.0
구리시,2023-03,1904.0,646800.0,790300.0
구리시,2023-02,2696.0,472600.0,591400.0
구리시,2023-01,1696.0,1104500.0,923900.0
군포시,2023-12,1332.0,867800.0,918000.0
군포시,2023-11,1337.0,812500.0,896800.0
군포시,2023-10,1716.0,827000.0,957100.0
군포시,2023-09,1995.0,1309000.0,938600.0
군포시,2023-08,1736.0,1029500.0,1112600.0
군포시,2023-07,1569.0,1214500.0,1103400.0
군포시,2023-06,1279.0,990900.0,1007000.0
군포시,2023-05,1347.0,1057500.0,1052100.0
군포시,2023-04,1667.0,1120200.0,988300.0
군포시,2023-03,1532.0,614000.0,752000.0
군포시,2023-02,2095.0,540800.0,931400.0
군포시,2023-01,2826.0,1791000.0,1518700.0
김포시,2023-12,2092.0,1518600.0,1377500.0
김포시,2023-11,1491.0,1145200.0,1222600.0
김포시,2023-10,0.0,1175000.0,1348900.0
김포시,2023-09,12549.0,1709200.0,1439800.0
김포시,2023-08,0.0,1254000.0,1001100.0
김포시,2023-07,0.0,1156400.0,1048900.0
김포시,2023-06,,1057000.0,1060600.0
김포시,2023-05,,1233300.0,1138300.0
김포시,2023-04,2286.0,1387100.0,1292700.0
김포시,2023-03,3251.0,1144800.0,1378400.0
김포시,2023-02,3245.0,1058900.0,1527200.0
김포시,2023-01,6250.0,1488200.0,2177500.0
남양주시,2023-12,3970.0,2054100.0,2001300.0
남양주시,2023-11,3677.0,1959800.0,2004800.0
남양주시,2023-10,4513.0,1998600.0,2181400.0
남양주시,2023-09,5290.0,2687700.0,2214700.0
남양주시,2023-08,4597.0,1922900.0,1984200.0
남양주시,2023-07,4182.0,2127800.0,2053900.0
남양주시,2023-06,3866.0,2063900.0,2058900.0
남양주시,2023-05,4308.0,2112400.0,2207400.0
남양주시,2023-04,5533.0,2194100.0,2068100.0
남양주시,2023-03,4992.0,2124600.0,2113400.0
남양주시,2023-02,5438.0,1763700.0,1940200.0
남양주시,2023-01,5045.0,2231900.0,2225800.0
동두천시,2023-12,519.0,200100.0,170100.0
동두천시,2023-11,440.0,210100.0,188600.0
동두천시,2023-10,603.0,226300.0,202700.0
동두천시,2023-09,672.0,252900.0,241500.0
동두천시,2023-08,569.0,231800.0,195600.0
동두천시,2023-07,434.0,220500.0,196900.0
동두천시,2023-06,420.0,217600.0,210400.0
동두천시,2023-05,253.0,234700.0,174600.0
동두천시,2023-04,512.0,189600.0,178900.0
동두천시,2023-03,448.0,164900.0,182100.0
동두천시,2023-02,478.0,139500.0,163900.0
동두천시,2023-01,616.0,225400.0,239800.0
부천시,2023-12,4614.0,3798600.0,2573700.0
부천시,2023-11,3032.0,1975200.0,2028800.0
부천시,2023-10,3650.0,2223300.0,2206800.0
부천시,2023-09,4202.0,2557700.0,2136200.0
부천시,2023-08,4069.0,1792800.0,1885100.0
부천시,2023-07,3511.0,2168900.0,2023300.0
부천시,2023-06,2806.0,1885600.0,1971000.0
부천시,2023-05,3032.0,1969300.0,2153900.0
부천시,2023-04,4395.0,2164400.0,2209000.0
부천시,2023-03,4209.0,2242300.0,2342800.0
부천시,2023-02,5224.0,1875200.0,2254800.0
부천시,2023-01,6194.0,2545800.0,2774000.0
성남시,2023-12,5135.0,2317500.0,2639500.0
성남시,2023-11,4124.0,2103900.0,3438100.0
성남시,2023-10,5018.0,2414800.0,2808700.0
성남시,2023-09,16572.0,6007200.0,2846700.0
성남시,2023-08,5137.0,2217200.0,2403800.0
성남시,2023-07,16334.0,2242400.0,2327300.0
성남시,2023-06,3738.0,2263200.0,2429800.0
성남시,2023-05,3971.0,2355100.0,2793300.0
성남시,2023-04,4330.0,2555400.0,2783000.0
성남시,2023-03,5012.0,2538800.0,3065200.0
성남시,2023-02,6369.0,2400800.0,2986100.0
성남시,2023-01,14272.0,4629400.0,2399400.0
수원시,2023-12,5373.0,2336100.0,2827100.0
수원시,2023-11,6007.0,2799300.0,2783500.0
수원시,2023-10,8591.0,2501000.0,2546600.0
수원시,2023-09,9606.0,4229800.0,2586600.0
수원시,2023-08,6804.0,2489700.0,2376900.0
수원시,2023-07,5962.0,3149100.0,2652200.0
수원시,2023-06,4590.0,2208700.0,2245700.0
수원시,2023-05,5160.0,2543500.0,2510400.0
수원시,2023-04,6963.0,2595400.0,2709800.0
수원시,2023-03,7115.0,2585700.0,2800700.0
수원시,2023-02,8509.0,2081000.0,3049100.0
수원시,2023-01,9017.0,3249400.0,3135800.0
시흥시,2023-12,2363.0,2851500.0,2520500.0
시흥시,2023-11,4386.0,1782100.0,2018300.0
시흥시,2023-10,2817.0,1737100.0,2090600.0
시흥시,2023-09,4831.0,3146800.0,2205800.0
시흥시,2023-08,2163.0,2121700.0,2100900.0
시흥시,2023-07,2518.0,2022400.0,2087900.0
시흥시,2023-06,2236.0,1896200.0,1943900.0
시흥시,2023-05,2304.0,2180500.0,2216500.0
시흥시,2023-04,2971.0,2147900.0,2231900.0
시흥시,2023-03,3267.0,2118300.0,2350500.0
시흥시,2023-02,2900.0,1843600.0,2265500.0
시흥시,2023-01,6140.0,2847100.0,2681800.0
안산시,2023-12,3452.0,2240300.0,1802100.0
안산시,2023-11,2490.0,1400400.0,1511900.0
안산시,2023-10,3316.0,1457700.0,1603300.0
안산시,2023-09,3665.0,1904200.0,1587400.0
안산시,2023-08,2717.0,1446300.0,1444000.0
안산시,2023-07,2825.0,1634600.0,1546600.0
안산시,2023-06,2096.0,1475100.0,1504400.0
안산시,2023-05,2294.0,1653300.0,1548900.0
안산시,2023-04,2833.0,1403500.0,1339200.0
안산시,2023-03,2791.0,1320400.0,1353100.0
안산시,2023-02,3380.0,1200400.0,1322700.0
안산시,2023-01,3808.0,1798300.0,1479900.0
안성시,2023-12,975.0,883600.0,684400.0
안성시,2023-11,787.0,460700.0,550900.0
안성시,2023-10,943.0,597400.0,641200.0
안성시,2023-09,926.0,536500.0,700800.0
안성시,2023-08,1455.0,901500.0,901500.0
안성시,2023-07,1395.0,584100.0,648500.0
안성시,2023-06,2741.0,641700.0,726400.0
안성시,2023-05,5113.0,636400.0,921700.0
안성시,2023-04,11435.0,1160600.0,906700.0
안성시,2023-03,9138.0,846100.0,678700.0
안성시,2023-02,1148.0,388000.0,478600.0
안성시,2023-01,1419.0,846100.0,638400.0
안양시,2023-12,2868.0,1870700.0,1862000.0
안양시,2023-11,2700.0,1761800.0,1965400.0
안양시,2023-10,3209.0,1797400.0,2122100.0
안양시,2023-09,4105.0,2454800.0,2227700.0
안양시,2023-08,5510.0,2210300.0,2290300.0
안양시,2023-07,5182.0,2380000.0,2778000.0
안양시,2023-06,9528.0,2292700.0,1956900.0
안양시,2023-05,21679.0,2725600.0,2602600.0
안양시,2023-04,37438.0,2626300.0,2647600.0
안양시,2023-03,66303.0,2866500.0,2286300.0
안양시,2023-02,5258.0,1440900.0,1765200.0
안양시,2023-01,5670.0,2286300.0,2056700.0
양주시,2023-12,1424.0,632700.0,619000.0
양주시,2023-11,1372.0,415300.0,643000.0
양주시,2023-10,2321.0,780600.0,719200.0
양주시,2023-09,1295.0,763600.0,253400.0
양주시,2023-08,1569.0,181100.0,395500.0
양주시,2023-07,1837.0,774400.0,730600.0
양주시,2023-06,1657.0,659900.0,724100.0
양주시,2023-05,1846.0,804300.0,772600.0
양주시,2023-04,2279.0,698900.0,691600.0
양주시,2023-03,1974.0,744000.0,662600.0
양주시,2023-02,1755.0,345000.0,506600.0
양주시,2023-01,1800.0,764200.0,670400.0
양평군,2023-12,1272.0,884700.0,686500.0
양평군,2023-11,997.0,566600.0,607700.0
양평군,2023-10,1569.0,522300.0,691700.0
양평군,2023-09,1317.0,807600.0,497500.0
양평군,2023-08,1139.0,560900.0,615600.0
양평군,2023-07,1230.0,592500.0,701900.0
양평군,2023-06,984.0,889900.0,650500.0
양평군,2023-05,616.0,495800.0,512600.0
양평군,2023-04,963.0,496200.0,513300.0
양평군,2023-03,813.0,494000.0,540100.0
양평군,2023-02,898.0,452400.0,536900.0
양평군,2023-01,1401.0,644200.0,708000.0
여주시,2023-12,755.0,774900.0,388900.0
여주시,2023-11,668.0,360700.0,353000.0
여주시,2023-10,760.0,367100.0,359300.0
여주시,2023-09,948.0,365600.0,356700.0
여주시,2023-08,837.0,814100.0,476300.0
여주시,2023-07,921.0,467200.0,465300.0
여주시,2023-06,769.0,713500.0,464600.0
여주시,2023-05,1259.0,670300.0,351700.0
여주시,2023-04,883.0,400000.0,411700.0
여주시,2023-03,736.0,383300.0,429100.0
여주시,2023-02,863.0,310000.0,360100.0
여주시,2023-01,931.0,596500.0,462200.0
연천군,2023-12,1228.0,314200.0,122800.0
연천군,2023-11,783.0,181900.0,119700.0
연천군,2023-10,597.0,196500.0,126500.0
연천군,2023-09,292.0,182400.0,126200.0
연천군,2023-08,217.0,317300.0,253400.0
연천군,2023-07,469.0,205000.0,213200.0
연천군,2023-06,519.0,195200.0,221500.0
연천군,2023-05,344.0,318000.0,284000.0
연천군,2023-04,500.0,198400.0,216500.0
연천군,2023-03,533.0,318800.0,239000.0
연천군,2023-02,511.0,138600.0,153300.0
연천군,2023-01,560.0,141000.0,203600.0
오산시,2023-12,1007.0,590700.0,539200.0
오산시,2023-11,1091.0,604300.0,530300.0
오산시,2023-10,1341.0,628600.0,563800.0
오산시,2023-09,1391.0,572400.0,561900.0
오산시,2023-08,1326.0,576800.0,542800.0
오산시,2023-07,1282.0,718700.0,551600.0
오산시,2023-06,1136.0,668100.0,509400.0
오산시,2023-05,1058.0,432900.0,481900.0
오산시,2023-04,1304.0,457000.0,486100.0
오산시,2023-03,1114.0,453800.0,498000.0
오산시,2023-02,1260.0,359000.0,490600.0
오산시,2023-01,1415.0,657400.0,600100.0
용인시,2023-12,6464.0,4096600.0,3578600.0
용인시,2023-11,6080.0,3473800.0,3325300.0
용인시,2023-10,7717.0,4008700.0,3619100.0
용인시,2023-09,8148.0,5154900.0,2871600.0
용인시,2023-08,5025.0,1978000.0,2178000.0
용인시,2023-07,4969.0,2389100.0,2372500.0
용인시,2023-06,4703.0,2457600.0,2469100.0
용인시,2023-05,4543.0,2200800.0,2519000.0
용인시,2023-04,6541.0,2668700.0,2569400.0
용인시,2023-03,9035.0,2460600.0,2614900.0
용인시,2023-02,7487.0,1953700.0,2443800.0
용인시,2023-01,8513.0,3075600.0,2891700.0
의왕시,2023-12,989.0,391200.0,380700.0
의왕시,2023-11,973.0,359600.0,347900.0
의왕시,2023-10,1333.0,413300.0,346100.0
의왕시,2023-09,1507.0,413300.0,289200.0
의왕시,2023-08,1086.0,228200.0,258800.0
의왕시,2023-07,1026.0,304800.0,274900.0
의왕시,2023-06,784.0,283600.0,265200.0
의왕시,2023-05,845.0,245900.0,236800.0
의왕시,2023-04,979.0,261400.0,265600.0
의왕시,2023-03,987.0,267700.0,286200.0
의왕시,2023-02,1130.0,236900.0,415000.0
의왕시,2023-01,1503.0,333200.0,382700.0
의정부시,2023-12,840.0,565900.0,525800.0
의정부시,2023-11,609.0,497300.0,507800.0
의정부시,2023-10,1077.0,541100.0,515700.0
의정부시,2023-09,1786.0,530200.0,476100.0
의정부시,2023-08,878.0,501500.0,553000.0
의정부시,2023-07,1208.0,611600.0,663500.0
의정부시,2023-06,1505.0,743200.0,802100.0
의정부시,2023-05,1184.0,869100.0,917000.0
의정부시,2023-04,2576.0,932600.0,916100.0
의정부시,2023-03,2502.0,901500.0,910200.0
의정부시,2023-02,2643.0,731000.0,816400.0
의정부시,2023-01,3007.0,1062400.0,1010700.0
이천시,2023-12,1739.0,1837300.0,1138500.0
이천시,2023-11,1133.0,937100.0,949300.0
이천시,2023-10,1363.0,939300.0,1014900.0
이천시,2023-09,2040.0,1784200.0,1162200.0
이천시,2023-08,1424.0,989600.0,1026000.0
이천시,2023-07,1507.0,1527900.0,1150300.0
이천시,2023-06,998.0,818900.0,1053500.0
이천시,2023-05,1622.0,948900.0,1282300.0
이천시,2023-04,2245.0,1797800.0,1363800.0
이천시,2023-03,1183.0,870500.0,971900.0
이천시,2023-02,1283.0,719000.0,747000.0
이천시,2023-01,1414.0,1313500.0,1107400.0
파주시,2023-12,2198.0,1303200.0,1181400.0
파주시,2023-11,2172.0,1174400.0,1155700.0
파주시,2023-10,2702.0,1264400.0,1297800.0
파주시,2023-09,2800.0,1174800.0,1415800.0
파주시,2023-08,2977.0,1531200.0,1297900.0
파주시,2023-07,3328.0,1299200.0,1498000.0
파주시,2023-06,3107.0,1609000.0,1913800.0
파주시,2023-05,5683.0,2077900.0,2416400.0
파주시,2023-04,9000.0,1866300.0,2648800.0
파주시,2023-03,57418.0,5110300.0,3737800.0
파주시,2023-02,12285.0,1513600.0,1304500.0
파주시,2023-01,4338.0,1710300.0,1313700.0
평택시,2023-12,2634.0,1835700.0,1468100.0
평택시,2023-11,2442.0,1406000.0,1499300.0
평택시,2023-10,3253.0,1507800.0,1598300.0
평택시,2023-09,3627.0,2049400.0,1665600.0
평택시,2023-08,2535.0,1139100.0,1253000.0
평택시,2023-07,2492.0,1287100.0,1391600.0
평택시,2023-06,3605.0,1346100.0,1676900.0
평택시,2023-05,8229.0,1799600.0,2245800.0
평택시,2023-04,43823.0,2599800.0,2690000.0
평택시,2023-03,29088.0,1447200.0,1549700.0
평택시,2023-02,4355.0,1635600.0,1367800.0
평택시,2023-01,4799.0,1548500.0,1583200.0
포천시,2023-12,765.0,533400.0,233000.0
포천시,2023-11,781.0,261100.0,232200.0
포천시,2023-10,857.0,276100.0,233700.0
포천시,2023-09,972.0,283200.0,197800.0
포천시,2023-08,723.0,417200.0,180200.0
포천시,2023-07,621.0,225200.0,198000.0
포천시,2023-06,720.0,215000.0,213500.0
포천시,2023-05,877.0,448900.0,241800.0
포천시,2023-04,1044.0,330500.0,312300.0
포천시,2023-03,876.0,292000.0,327300.0
포천시,2023-02,1073.0,309400.0,291200.0
포천시,2023-01,976.0,273900.0,301800.0
하남시,2023-12,1664.0,1481400.0,1383800.0
하남시,2023-11,1785.0,1464700.0,1366700.0
하남시,2023-10,2456.0,1268200.0,1197900.0
하남시,2023-09,3388.0,1299100.0,1183300.0
하남시,2023-08,2409.0,944200.0,893100.0
하남시,2023-07,2107.0,1023100.0,965900.0
하남시,2023-06,1594.0,957400.0,1011800.0
하남시,2023-05,1832.0,1084400.0,1105300.0
하남시,2023-04,2359.0,1058000.0,1113900.0
하남시,2023-03,2354.0,1088200.0,1182900.0
하남시,2023-02,2752.0,1020000.0,1923100.0
하남시,2023-01,4396.0,1480600.0,1288900.0
화성시,2023-12,5854.0,1789100.0,2497100.0
화성시,2023-11,6808.0,3495300.0,3289800.0
화성시,2023-10,7667.0,3711700.0,3819900.0
화성시,2023-09,7792.0,4055900.0,3618800.0
화성시,2023-08,7804.0,3411600.0,3500800.0
화성시,2023-07,8026.0,3686900.0,3648000.0
화성시,2023-06,7821.0,3679700.0,3626900.0
화성시,2023-05,6717.0,3505800.0,3741300.0
화성시,2023-04,8440.0,3555700.0,3552500.0
화성시,2023-03,9111.0,3590600.0,3698200.0
화성시,2023-02,7829.0,3016200.0,3332500.0
화성시,2023-01,7038.0,2953400.0,3511200.0
가평군,2022-12,814.0,360088.0,399684.0
가평군,2022-11,701.0,435641.0,367397.0
가평군,2022-10,657.0,320589.0,358640.0
가평군,2022-09,832.0,433484.0,377356.0
가평군,2022-08,858.0,309135.0,360054.0
가평군,2022-07,1173.0,360088.0,399684.0
가평군,2022-06,572.0,277128.0,268139.0
가평군,2022-05,627.0,278430.0,281048.0
가평군,2022-04,641.0,258561.0,260084.0
가평군,2022-03,481.0,239346.0,241827.0
가평군,2022-02,427.0,206384.0,192019.0
가평군,2022-01,508.0,223135.0,223601.0
가평군,2021-12,720.0,221768.0,208064.0
가평군,2021-11,1298.0,202833.0,173893.0
가평군,2021-10,1399.0,124650.0,122884.0
가평군,2021-09,1510.0,158900.0,166422.0
가평군,2021-08,618.0,158900.0,166422.0
가평군,2021-07,735.0,158900.0,166422.0
가평군,2021-06,1667.0,182277.0,175416.0
가평군,2021-05,614.0,140268.0,136578.0
가평군,2021-04,991.0,143682.0,130552.0
가평군,2021-03,1084.0,91271.0,80597.0
가평군,2021-02,1809.0,91271.0,80597.0
가평군,2021-01,598.0,99276.0,101171.0
고양시,2022-12,3916.0,1507759.0,1379244.0
고양시,2022-11,3563.0,1295733.0,1394299.0
고양시,2022-10,5134.0,1445778.0,1461911.0
고양시,2022-09,5300.0,1358589.0,1538327.0
고양시,2022-08,7144.0,1261322.0,1820172.0
고양시,2022-07,9200.0,1507759.0,1379244.0
고양시,2022-06,6203.0,3209251.0,2475701.0
고양시,2022-05,5984.0,2386686.0,2580984.0
고양시,2022-04,6159.0,2605044.0,2492935.0
고양시,2022-03,4939.0,2493912.0,2404754.0
고양시,2022-02,6016.0,2125734.0,2060272.0
고양시,2022-01,6621.0,2266850.0,2375097.0
고양시,2021-12,9234.0,2299234.0,2280362.0
고양시,2021-11,19372.0,2741799.0,1836723.0
고양시,2021-10,15312.0,891681.0,926428.0
고양시,2021-09,12099.0,1264175.0,1993072.0
고양시,2021-08,8878.0,1264175.0,1993072.0
고양시,2021-07,9414.0,1264175.0,1993072.0
고양시,2021-06,42692.0,3224034.0,3010745.0
고양시,2021-05,10276.0,2302640.0,2313377.0
고양시,2021-04,15857.0,2413599.0,2147505.0
고양시,2021-03,18749.0,1765213.0,1376029.0
고양시,2021-02,24208.0,1765213.0,1376029.0
고양시,2021-01,15728.0,1515242.0,1529915.0
과천시,2022-12,724.0,361904.0,362204.0
과천시,2022-11,784.0,326045.0,371138.0
과천시,2022-10,1586.0,338448.0,510446.0
과천시,2022-09,3270.0,584823.0,688901.0
과천시,2022-08,11130.0,995942.0,645812.0
과천시,2022-07,1592.0,361904.0,362204.0
과천시,2022-06,975.0,294633.0,340909.0
과천시,2022-05,1088.0,418792.0,409515.0
과천시,2022-04,1083.0,445205.0,338742.0
과천시,2022-03,1030.0,266586.0,295701.0
과천시,2022-02,1195.0,231638.0,268015.0
과천시,2022-01,1150.0,383398.0,296606.0
과천시,2021-12,1268.0,250344.0,299325.0
과천시,2021-11,1772.0,311152.0,258678.0
과천시,2021-10,1846.0,177351.0,170560.0
과천시,2021-09,1277.0,347749.0,376254.0
과천시,2021-08,1342.0,347749.0,376254.0
과천시,2021-07,1263.0,347749.0,376254.0
과천시,2021-06,3546.0,452396.0,389500.0
과천시,2021-05,1207.0,335148.0,331694.0
과천시,2021-04,1848.0,327287.0,305086.0
과천시,2021-03,1997.0,231575.0,192340.0
과천시,2021-02,1975.0,231575.0,192340.0
과천시,2021-01,1556.0,250925.0,230731.0
광명시,2022-12,2321.0,1118945.0,1072125.0
광명시,2022-11,1775.0,962417.0,1029310.0
광명시,2022-10,2100.0,1044833.0,1079402.0
광명시,2022-09,2380.0,1067989.0,1152316.0
광명시,2022-08,2745.0,942333.0,1209310.0
광명시,2022-07,3134.0,1118945.0,1072125.0
광명시,2022-06,2105.0,1586439.0,1171658.0
광명시,2022-05,2055.0,958907.0,1074491.0
광명시,2022-04,2433.0,1061808.0,1042387.0
광명시,2022-03,2028.0,943336.0,994529.0
광명시,2022-02,2100.0,748912.0,877266.0
광명시,2022-01,2244.0,984925.0,1113551.0
광명시,2021-12,3085.0,1095660.0,994418.0
광명시,2021-11,4285.0,1094109.0,853001.0
광명시,2021-10,4927.0,594596.0,599257.0
광명시,2021-09,6851.0,759046.0,1009571.0
광명시,2021-08,5185.0,759046.0,1009571.0
광명시,2021-07,5160.0,759046.0,1009571.0
광명시,2021-06,10832.0,1478826.0,1175079.0
광명시,2021-05,2637.0,937735.0,956738.0
광명시,2021-04,4610.0,939238.0,871928.0
광명시,2021-03,5094.0,604349.0,535826.0
광명시,2021-02,8338.0,604349.0,535826.0
광명시,2021-01,5291.0,634619.0,681198.0
광주시,2022-12,2454.0,3022139.0,2352107.0
광주시,2022-11,1652.0,1680492.0,1926112.0
광주시,2022-10,1892.0,1893061.0,2063961.0
광주시,2022-09,2198.0,1640923.0,2253486.0
광주시,2022-08,3071.0,3075794.0,2477681.0
광주시,2022-07,3678.0,3022139.0,2352107.0
광주시,2022-06,2556.0,2482872.0,2341439.0
광주시,2022-05,2504.0,2364136.0,2368740.0
광주시,2022-04,2354.0,2194062.0,2238379.0
광주시,2022-03,2114.0,2107727.0,2146230.0
광주시,2022-02,2034.0,1749500.0,1769033.0
광주시,2022-01,2309.0,1868642.0,2112547.0
광주시,2021-12,3307.0,2380328.0,2050682.0
광주시,2021-11,4704.0,2166069.0,1710218.0
광주시,2021-10,5771.0,1140108.0,1124362.0
광주시,2021-09,8441.0,1257510.0,1672213.0
광주시,2021-08,3659.0,1257510.0,1672213.0
광주시,2021-07,9674.0,1257510.0,1672213.0
광주시,2021-06,27786.0,2521916.0,1999499.0
광주시,2021-05,65234.0,1395295.0,1209489.0
광주시,2021-04,9060.0,1332105.0,1260820.0
광주시,2021-03,6676.0,900216.0,785422.0
광주시,2021-02,9412.0,900216.0,785422.0
광주시,2021-01,5028.0,960626.0,1028239.0
구리시,2022-12,1337.0,1074618.0,917343.0
구리시,2022-11,1287.0,734950.0,799339.0
구리시,2022-10,1442.0,1105004.0,905238.0
구리시,2022-09,1760.0,899790.0,919750.0
구리시,2022-08,2152.0,884476.0,952077.0
구리시,2022-07,2307.0,1074618.0,917343.0
구리시,2022-06,3378.0,796773.0,932682.0
구리시,2022-05,18969.0,1130644.0,1318177.0
구리시,2022-04,6943.0,1338356.0,854890.0
구리시,2022-03,1320.0,720230.0,700912.0
구리시,2022-02,1482.0,599952.0,591376.0
구리시,2022-01,1687.0,664312.0,676555.0
구리시,2021-12,2040.0,606862.0,631440.0
구리시,2021-11,3259.0,590164.0,558516.0
구리시,2021-10,3375.0,451766.0,462729.0
구리시,2021-09,4611.0,609795.0,655660.0
구리시,2021-08,2007.0,609795.0,655660.0
구리시,2021-07,2145.0,609795.0,655660.0
구리시,2021-06,4460.0,759119.0,705840.0
구리시,2021-05,1620.0,607521.0,613529.0
구리시,2021-04,2725.0,630966.0,579008.0
구리시,2021-03,3352.0,406287.0,384603.0
구리시,2021-02,5096.0,406287.0,384603.0
구리시,2021-01,2715.0,425559.0,487731.0
군포시,2022-12,2257.0,1441179.0,1425814.0
군포시,2022-11,1926.0,1354011.0,1362620.0
군포시,2022-10,2367.0,1402030.0,1418783.0
군포시,2022-09,2566.0,1403208.0,1460538.0
군포시,2022-08,3322.0,1366282.0,1567152.0
군포시,2022-07,3972.0,1441179.0,1425814.0
군포시,2022-06,2578.0,1791864.0,1611157.0
군포시,2022-05,2297.0,1599484.0,1680277.0
군포시,2022-04,2434.0,1616012.0,1618978.0
군포시,2022-03,2158.0,1522437.0,1540691.0
군포시,2022-02,2276.0,1276798.0,1315995.0
군포시,2022-01,2521.0,1358220.0,1588147.0
군포시,2021-12,3235.0,1642308.0,1587950.0
군포시,2021-11,4618.0,1667065.0,1370194.0
군포시,2021-10,6039.0,1008350.0,985357.0
군포시,2021-09,6731.0,1373528.0,1361028.0
군포시,2021-08,3642.0,1373528.0,1361028.0
군포시,2021-07,3707.0,1373528.0,1361028.0
군포시,2021-06,9774.0,1536224.0,1415552.0
군포시,2021-05,2908.0,1144019.0,1177312.0
군포시,2021-04,5638.0,1120267.0,1139006.0
군포시,2021-03,4756.0,846838.0,768973.0
군포시,2021-02,8321.0,846838.0,768973.0
군포시,2021-01,4452.0,895160.0,983192.0
김포시,2022-12,,,
김포시,2022-11,,,
김포시,2022-10,,,
김포시,2022-09,,,
김포시,2022-08,,,
김포시,2022-07,,0.0,0.0
김포시,2022-06,,,
김포시,2022-05,,,
김포시,2022-04,,,
김포시,2022-03,,,
김포시,2022-02,,,
김포시,2022-01,,,
김포시,2021-12,,,
김포시,2021-11,,,
김포시,2021-10,,,
김포시,2021-09,,,
김포시,2021-08,,,
김포시,2021-07,,,
김포시,2021-06,,,
김포시,2021-05,,,
김포시,2021-04,,,
김포시,2021-03,,,
김포시,2021-02,,,
김포시,2021-01,,,
남양주시,2022-12,4073.0,2271505.0,2168965.0
남양주시,2022-11,3439.0,1931350.0,2064687.0
남양주시,2022-10,4236.0,2161007.0,2241704.0
남양주시,2022-09,4684.0,2297554.0,2258351.0
남양주시,2022-08,5172.0,1357538.0,2333317.0
남양주시,2022-07,6590.0,2271505.0,2168965.0
남양주시,2022-06,4306.0,2726632.0,2368802.0
남양주시,2022-05,3913.0,2360879.0,2475205.0
남양주시,2022-04,5107.0,2412941.0,2320726.0
남양주시,2022-03,3300.0,2268950.0,2194562.0
남양주시,2022-02,4314.0,1831503.0,1810998.0
남양주시,2022-01,4959.0,1993774.0,2051520.0
남양주시,2021-12,6611.0,1868481.0,1964258.0
남양주시,2021-11,16882.0,1939515.0,1752261.0
남양주시,2021-10,12136.0,1379406.0,1386445.0
남양주시,2021-09,12983.0,1497135.0,1811711.0
남양주시,2021-08,5645.0,1497135.0,1811711.0
남양주시,2021-07,5689.0,1497135.0,1811711.0
남양주시,2021-06,18041.0,2256962.0,2047266.0
남양주시,2021-05,5381.0,1719198.0,1688432.0
남양주시,2021-04,8857.0,1722408.0,1572442.0
남양주시,2021-03,9903.0,1100370.0,897776.0
남양주시,2021-02,17003.0,1100370.0,897776.0
남양주시,2021-01,10347.0,938474.0,1148274.0
동두천시,2022-12,626.0,280254.0,279738.0
동두천시,2022-11,535.0,240183.0,265200.0
동두천시,2022-10,557.0,260594.0,283103.0
동두천시,2022-09,637.0,291872.0,296140.0
동두천시,2022-08,947.0,239915.0,357480.0
동두천시,2022-07,2215.0,280254.0,279738.0
동두천시,2022-06,1814.0,396135.0,220450.0
동두천시,2022-05,433.0,213946.0,212058.0
동두천시,2022-04,503.0,200407.0,197585.0
동두천시,2022-03,502.0,177657.0,185608.0
동두천시,2022-02,412.0,145542.0,163902.0
동두천시,2022-01,510.0,206826.0,199918.0
동두천시,2021-12,814.0,203896.0,216676.0
동두천시,2021-11,1634.0,206922.0,192842.0
동두천시,2021-10,1228.0,178153.0,135207.0
동두천시,2021-09,1782.0,157435.0,181176.0
동두천시,2021-08,753.0,157435.0,181176.0
동두천시,2021-07,832.0,157435.0,181176.0
동두천시,2021-06,2065.0,227613.0,220188.0
동두천시,2021-05,704.0,178235.0,167891.0
동두천시,2021-04,1447.0,172407.0,167200.0
동두천시,2021-03,1650.0,101574.0,148088.0
동두천시,2021-02,4916.0,101574.0,148088.0
동두천시,2021-01,1442.0,214659.0,137010.0
부천시,2022-12,4943.0,3212430.0,2948296.0
부천시,2022-11,4162.0,2737462.0,2804343.0
부천시,2022-10,4972.0,2970905.0,2893589.0
부천시,2022-09,5077.0,3027938.0,2958566.0
부천시,2022-08,6899.0,2811044.0,2850495.0
부천시,2022-07,6036.0,3212430.0,2948296.0
부천시,2022-06,4627.0,2693319.0,2675087.0
부천시,2022-05,4722.0,2705908.0,2829329.0
부천시,2022-04,5106.0,2817391.0,2679596.0
부천시,2022-03,4223.0,2755679.0,2404838.0
부천시,2022-02,5363.0,2039270.0,2005184.0
부천시,2022-01,5960.0,2148245.0,2463298.0
부천시,2021-12,7669.0,2413898.0,2435077.0
부천시,2021-11,14187.0,2359218.0,2152253.0
부천시,2021-10,17573.0,1900784.0,1690615.0
부천시,2021-09,18430.0,1937150.0,2361832.0
부천시,2021-08,7230.0,1937150.0,2361832.0
부천시,2021-07,8079.0,1937150.0,2361832.0
부천시,2021-06,29140.0,3191779.0,2850161.0
부천시,2021-05,7876.0,2289181.0,2288467.0
부천시,2021-04,19364.0,2323888.0,2113858.0
부천시,2021-03,13354.0,1560112.0,1275625.0
부천시,2021-02,24263.0,1560112.0,1275625.0
부천시,2021-01,13605.0,1738911.0,1527088.0
성남시,2022-12,,686053.0,648975.0
성남시,2022-11,,578978.0,587553.0
성남시,2022-10,,689722.0,639628.0
성남시,2022-09,,577484.0,565294.0
성남시,2022-08,,577555.0,661959.0
성남시,2022-07,,686053.0,648975.0
성남시,2022-06,,592558.0,632145.0
성남시,2022-05,,674554.0,751841.0
성남시,2022-04,,935907.0,604855.0
성남시,2022-03,,526812.0,549014.0
성남시,2022-02,,492950.0,437840.0
성남시,2022-01,,489394.0,533904.0
성남시,2021-12,,577576.0,575391.0
성남시,2021-11,,515380.0,470698.0
성남시,2021-10,,535834.0,474896.0
성남시,2021-09,,515938.0,547856.0
성남시,2021-08,,515938.0,547856.0
성남시,2021-07,,515938.0,547856.0
성남시,2021-06,,591236.0,571134.0
성남시,2021-05,,688475.0,679031.0
성남시,2021-04,,838534.0,683312.0
성남시,2021-03,,539282.0,465238.0
성남시,2021-02,,539282.0,465238.0
성남시,2021-01,,518408.0,569031.0
수원시,2022-12,6991.0,3311406.0,3091541.0
수원시,2022-11,6009.0,2615970.0,2957279.0
수원시,2022-10,7517.0,2882010.0,3138504.0
수원시,2022-09,8551.0,5368204.0,3349444.0
수원시,2022-08,7706.0,2004710.0,2432806.0
수원시,2022-07,7820.0,3311406.0,3091541.0
수원시,2022-06,5957.0,2057714.0,2828527.0
수원시,2022-05,8029.0,3962570.0,3437370.0
수원시,2022-04,8983.0,3443948.0,3440986.0
수원시,2022-03,10678.0,3231429.0,3387290.0
수원시,2022-02,10004.0,2649365.0,3049074.0
수원시,2022-01,10244.0,3551713.0,3741295.0
수원시,2021-12,11793.0,3858993.0,3543754.0
수원시,2021-11,24357.0,3725483.0,3117598.0
수원시,2021-10,18658.0,2042273.0,2389963.0
수원시,2021-09,20812.0,2591912.0,3040003.0
수원시,2021-08,11777.0,2591912.0,3040003.0
수원시,2021-07,9097.0,2591912.0,3040003.0
수원시,2021-06,34891.0,3959223.0,3585086.0
수원시,2021-05,12167.0,2643112.0,2670038.0
수원시,2021-04,25109.0,2742128.0,2498458.0
수원시,2021-03,17865.0,2248668.0,1631296.0
수원시,2021-02,32993.0,2248668.0,1631296.0
수원시,2021-01,19139.0,2007361.0,1899198.0
시흥시,2022-12,,,
시흥시,2022-11,,,
시흥시,2022-10,,,
시흥시,2022-09,,,
시흥시,2022-08,,,
시흥시,2022-07,,0.0,0.0
시흥시,2022-06,,,
시흥시,2022-05,,,
시흥시,2022-04,,,
시흥시,2022-03,,,
시흥시,2022-02,,,
시흥시,2022-01,,,
시흥시,2021-12,,,
시흥시,2021-11,,,
시흥시,2021-10,,,
시흥시,2021-09,,,
시흥시,2021-08,,,
시흥시,2021-07,,,
시흥시,2021-06,,,
시흥시,2021-05,,,
시흥시,2021-04,,,
시흥시,2021-03,,,
시흥시,2021-02,,,
시흥시,2021-01,,,
안산시,2022-12,2742.0,645920.0,1040483.0
안산시,2022-11,3010.0,1847598.0,1941696.0
안산시,2022-10,3689.0,2064871.0,2060298.0
안산시,2022-09,3891.0,2019558.0,2088800.0
안산시,2022-08,5160.0,1990372.0,2314980.0
안산시,2022-07,10206.0,645920.0,1040483.0
안산시,2022-06,4170.0,2514078.0,2744247.0
안산시,2022-05,5501.0,3457096.0,3333031.0
안산시,2022-04,9911.0,2663784.0,2630978.0
안산시,2022-03,3561.0,2398862.0,2587598.0
안산시,2022-02,3846.0,2447750.0,2357063.0
안산시,2022-01,4177.0,2579658.0,2797482.0
안산시,2021-12,6701.0,2767901.0,2893873.0
안산시,2021-11,9292.0,3237282.0,2524090.0
안산시,2021-10,11318.0,1600216.0,1599839.0
안산시,2021-09,17426.0,548146.0,1517853.0
안산시,2021-08,4204.0,548146.0,1517853.0
안산시,2021-07,5370.0,548146.0,1517853.0
안산시,2021-06,18687.0,3921281.0,3485951.0
안산시,2021-05,7342.0,2659361.0,2709150.0
안산시,2021-04,27465.0,2717666.0,2595797.0
안산시,2021-03,14415.0,2155618.0,1702602.0
안산시,2021-02,21353.0,2155618.0,1702602.0
안산시,2021-01,8208.0,2265124.0,1890812.0
안성시,2022-12,1110.0,780178.0,737463.0
안성시,2022-11,1023.0,591217.0,755207.0
안성시,2022-10,1599.0,1147670.0,906096.0
안성시,2022-09,1569.0,742016.0,736147.0
안성시,2022-08,1362.0,578042.0,670420.0
안성시,2022-07,1487.0,780178.0,737463.0
안성시,2022-06,1591.0,1085241.0,762294.0
안성시,2022-05,1318.0,740834.0,721379.0
안성시,2022-04,1059.0,565778.0,571250.0
안성시,2022-03,904.0,531777.0,549991.0
안성시,2022-02,1104.0,441839.0,478578.0
안성시,2022-01,1849.0,586420.0,564418.0
안성시,2021-12,2707.0,473858.0,651430.0
안성시,2021-11,3365.0,722649.0,505471.0
안성시,2021-10,3724.0,411478.0,414853.0
안성시,2021-09,5708.0,546296.0,605362.0
안성시,2021-08,1899.0,546296.0,605362.0
안성시,2021-07,2854.0,546296.0,605362.0
안성시,2021-06,11843.0,1025302.0,946580.0
안성시,2021-05,22546.0,660496.0,618189.0
안성시,2021-04,6904.0,679019.0,662762.0
안성시,2021-03,4061.0,568217.0,446728.0
안성시,2021-02,6905.0,568217.0,446728.0
안성시,2021-01,3216.0,460222.0,545684.0
안양시,2022-12,4500.0,1912195.0,1717885.0
안양시,2022-11,3942.0,1617438.0,1612931.0
안양시,2022-10,4685.0,1780857.0,1719587.0
안양시,2022-09,5021.0,1772216.0,1719050.0
안양시,2022-08,6165.0,1631505.0,1743263.0
안양시,2022-07,6894.0,1912195.0,1717885.0
안양시,2022-06,4398.0,1679059.0,1526578.0
안양시,2022-05,4629.0,1530498.0,1634822.0
안양시,2022-04,4769.0,1606273.0,1569434.0
안양시,2022-03,4420.0,1522934.0,1480346.0
안양시,2022-02,5308.0,1361614.0,1253392.0
안양시,2022-01,5613.0,1380339.0,1431431.0
안양시,2021-12,6964.0,1384390.0,1326222.0
안양시,2021-11,14144.0,1543552.0,1050228.0
안양시,2021-10,10623.0,503604.0,619541.0
안양시,2021-09,12292.0,1239301.0,1409894.0
안양시,2021-08,6416.0,1239301.0,1409894.0
안양시,2021-07,6904.0,1239301.0,1409894.0
안양시,2021-06,24608.0,1808615.0,1567617.0
안양시,2021-05,6260.0,1155088.0,1122601.0
안양시,2021-04,9471.0,1202743.0,1019696.0
안양시,2021-03,9866.0,789702.0,625383.0
안양시,2021-02,15539.0,789702.0,625383.0
안양시,2021-01,10897.0,704531.0,752612.0
양주시,2022-12,1648.0,888162.0,706882.0
양주시,2022-11,1178.0,481808.0,548432.0
양주시,2022-10,1518.0,645666.0,718374.0
양주시,2022-09,1609.0,826337.0,758584.0
양주시,2022-08,1960.0,744188.0,778317.0
양주시,2022-07,2673.0,888162.0,706882.0
양주시,2022-06,1628.0,955142.0,596302.0
양주시,2022-05,1216.0,548823.0,609585.0
양주시,2022-04,1268.0,591624.0,608946.0
양주시,2022-03,1094.0,630603.0,615518.0
양주시,2022-02,1215.0,494262.0,506645.0
양주시,2022-01,1282.0,563646.0,588092.0
양주시,2021-12,1989.0,612658.0,585688.0
양주시,2021-11,4277.0,624171.0,507030.0
양주시,2021-10,3392.0,328811.0,358052.0
양주시,2021-09,3628.0,410443.0,499365.0
양주시,2021-08,1820.0,410443.0,499365.0
양주시,2021-07,1820.0,410443.0,499365.0
양주시,2021-06,5572.0,636855.0,599215.0
양주시,2021-05,1963.0,490202.0,482258.0
양주시,2021-04,3774.0,502279.0,465520.0
양주시,2021-03,3480.0,339491.0,261483.0
양주시,2021-02,6544.0,339491.0,261483.0
양주시,2021-01,3694.0,283134.0,344891.0
양평군,2022-12,1361.0,846667.0,780362.0
양평군,2022-11,1601.0,679056.0,736534.0
양평군,2022-10,2798.0,959512.0,809828.0
양평군,2022-09,1928.0,819396.0,777112.0
양평군,2022-08,1322.0,602973.0,693629.0
양평군,2022-07,1787.0,846667.0,780362.0
양평군,2022-06,1301.0,1113643.0,687176.0
양평군,2022-05,1121.0,587619.0,596157.0
양평군,2022-04,1095.0,597742.0,596086.0
양평군,2022-03,977.0,564531.0,570409.0
양평군,2022-02,1040.0,504890.0,502690.0
양평군,2022-01,1660.0,566312.0,605138.0
양평군,2021-12,2381.0,698426.0,704444.0
양평군,2021-11,2214.0,562900.0,510362.0
양평군,2021-10,2648.0,428686.0,427304.0
양평군,2021-09,3116.0,543946.0,551256.0
양평군,2021-08,1478.0,543946.0,551256.0
양평군,2021-07,1371.0,543946.0,551256.0
양평군,2021-06,2380.0,573892.0,587246.0
양평군,2021-05,1391.0,525050.0,599360.0
양평군,2021-04,2722.0,710179.0,766838.0
양평군,2021-03,5670.0,446201.0,399881.0
양평군,2021-02,3704.0,446201.0,399881.0
양평군,2021-01,1692.0,461613.0,477112.0
여주시,2022-12,844.0,509378.0,499691.0
여주시,2022-11,854.0,457876.0,531654.0
여주시,2022-10,938.0,461284.0,615115.0
여주시,2022-09,1127.0,942101.0,683828.0
여주시,2022-08,1184.0,455022.0,535205.0
여주시,2022-07,1521.0,509378.0,499691.0
여주시,2022-06,2036.0,786690.0,703184.0
여주시,2022-05,867.0,663010.0,447114.0
여주시,2022-04,985.0,435040.0,439034.0
여주시,2022-03,855.0,405895.0,417699.0
여주시,2022-02,784.0,323253.0,360081.0
여주시,2022-01,1133.0,391628.0,495364.0
여주시,2021-12,1940.0,355227.0,648436.0
여주시,2021-11,2720.0,967091.0,426350.0
여주시,2021-10,2292.0,289679.0,288245.0
여주시,2021-09,3318.0,334444.0,352888.0
여주시,2021-08,1174.0,334444.0,352888.0
여주시,2021-07,983.0,334444.0,352888.0
여주시,2021-06,1915.0,366545.0,353631.0
여주시,2021-05,943.0,307730.0,313115.0
여주시,2021-04,2183.0,322650.0,308436.0
여주시,2021-03,2011.0,190301.0,202058.0
여주시,2021-02,3502.0,190301.0,202058.0
여주시,2021-01,1615.0,230499.0,257336.0
연천군,2022-12,491.0,252929.0,231638.0
연천군,2022-11,523.0,184878.0,237061.0
연천군,2022-10,652.0,123114.0,123479.0
연천군,2022-09,714.0,359410.0,215862.0
연천군,2022-08,731.0,191161.0,256551.0
연천군,2022-07,1183.0,252929.0,231638.0
연천군,2022-06,1036.0,180927.0,203926.0
연천군,2022-05,708.0,221857.0,135375.0
연천군,2022-04,472.0,130863.0,129494.0
연천군,2022-03,543.0,120060.0,123735.0
연천군,2022-02,363.0,94945.0,112062.0
연천군,2022-01,495.0,133433.0,142760.0
연천군,2021-12,841.0,184919.0,163488.0
연천군,2021-11,682.0,124902.0,104695.0
연천군,2021-10,614.0,87625.0,90109.0
연천군,2021-09,375.0,109061.0,120878.0
연천군,2021-08,454.0,109061.0,120878.0
연천군,2021-07,574.0,109061.0,120878.0
연천군,2021-06,1189.0,130289.0,135733.0
연천군,2021-05,604.0,125696.0,101617.0
연천군,2021-04,705.0,95757.0,87818.0
연천군,2021-03,961.0,59738.0,60888.0
연천군,2021-02,974.0,59738.0,60888.0
연천군,2021-01,421.0,78756.0,71370.0
오산시,2022-12,1128.0,763197.0,569000.0
오산시,2022-11,1051.0,376145.0,426945.0
오산시,2022-10,1574.0,676895.0,668397.0
오산시,2022-09,1535.0,759916.0,756912.0
오산시,2022-08,1937.0,844447.0,881003.0
오산시,2022-07,2245.0,763197.0,569000.0
오산시,2022-06,1501.0,722173.0,744459.0
오산시,2022-05,1748.0,791854.0,912430.0
오산시,2022-04,1804.0,957366.0,953849.0
오산시,2022-03,1800.0,933557.0,940318.0
오산시,2022-02,1745.0,815567.0,824198.0
오산시,2022-01,1880.0,859075.0,985791.0
오산시,2021-12,2349.0,1048028.0,1044495.0
오산시,2021-11,3897.0,1179356.0,910443.0
오산시,2021-10,4271.0,553144.0,527246.0
오산시,2021-09,5878.0,1158302.0,1139723.0
오산시,2021-08,2259.0,1158302.0,1139723.0
오산시,2021-07,2452.0,1158302.0,1139723.0
오산시,2021-06,5475.0,1300456.0,1252296.0
오산시,2021-05,2682.0,995137.0,1039281.0
오산시,2021-04,8405.0,1047812.0,1056509.0
오산시,2021-03,5810.0,774007.0,635393.0
오산시,2021-02,8770.0,774007.0,635393.0
오산시,2021-01,3323.0,718535.0,767145.0
용인시,2022-12,6468.0,3109027.0,2922791.0
용인시,2022-11,5515.0,2558786.0,2797130.0
용인시,2022-10,6802.0,3054101.0,2942617.0
용인시,2022-09,6502.0,3616660.0,2694298.0
용인시,2022-08,7151.0,1977481.0,2512900.0
용인시,2022-07,10137.0,3109027.0,2922791.0
용인시,2022-06,6416.0,3212194.0,2849892.0
용인시,2022-05,7381.0,2810054.0,3016678.0
용인시,2022-04,7995.0,3098837.0,3115880.0
용인시,2022-03,8018.0,3133252.0,2900831.0
용인시,2022-02,7820.0,1834633.0,2443793.0
용인시,2022-01,8194.0,4031384.0,3225108.0
용인시,2021-12,10698.0,2591854.0,2626599.0
용인시,2021-11,22134.0,2789330.0,2131823.0
용인시,2021-10,19343.0,1012308.0,899338.0
용인시,2021-09,16436.0,2562817.0,3026191.0
용인시,2021-08,9196.0,2562817.0,3026191.0
용인시,2021-07,10259.0,2562817.0,3026191.0
용인시,2021-06,32520.0,3566961.0,3355617.0
용인시,2021-05,9207.0,2956478.0,2783107.0
용인시,2021-04,16642.0,2946890.0,2645700.0
용인시,2021-03,15668.0,2027137.0,1562275.0
용인시,2021-02,27846.0,2027137.0,1562275.0
용인시,2021-01,16455.0,2185730.0,1704221.0
의왕시,2022-12,1023.0,446302.0,394664.0
의왕시,2022-11,1181.0,271916.0,388767.0
의왕시,2022-10,1866.0,556204.0,512839.0
의왕시,2022-09,1745.0,538692.0,519801.0
의왕시,2022-08,2361.0,516987.0,528681.0
의왕시,2022-07,2537.0,446302.0,394664.0
의왕시,2022-06,1988.0,525356.0,512827.0
의왕시,2022-05,2090.0,512640.0,541667.0
의왕시,2022-04,2084.0,517443.0,502008.0
의왕시,2022-03,1825.0,488739.0,474671.0
의왕시,2022-02,1855.0,408166.0,393312.0
의왕시,2022-01,2112.0,427099.0,463916.0
의왕시,2021-12,2256.0,453510.0,434605.0
의왕시,2021-11,3666.0,460718.0,354517.0
의왕시,2021-10,4286.0,234684.0,235391.0
의왕시,2021-09,3935.0,391977.0,431212.0
의왕시,2021-08,2503.0,391977.0,431212.0
의왕시,2021-07,2484.0,391977.0,431212.0
의왕시,2021-06,8533.0,540434.0,468352.0
의왕시,2021-05,2091.0,352948.0,346100.0
의왕시,2021-04,2852.0,360418.0,308238.0
의왕시,2021-03,2911.0,249144.0,189117.0
의왕시,2021-02,5412.0,249144.0,189117.0
의왕시,2021-01,3820.0,223336.0,231650.0
의정부시,2022-12,2623.0,1027435.0,1002077.0
의정부시,2022-11,2151.0,910988.0,986711.0
의정부시,2022-10,2576.0,1130395.0,1103178.0
의정부시,2022-09,2523.0,1064807.0,1123492.0
의정부시,2022-08,3401.0,1050208.0,1225288.0
의정부시,2022-07,5792.0,1027435.0,1002077.0
의정부시,2022-06,2841.0,1257731.0,979807.0
의정부시,2022-05,2367.0,959933.0,1054209.0
의정부시,2022-04,2906.0,1095386.0,1019070.0
의정부시,2022-03,2166.0,995710.0,963134.0
의정부시,2022-02,2609.0,845198.0,816377.0
의정부시,2022-01,2662.0,946513.0,974611.0
의정부시,2021-12,4184.0,861272.0,932069.0
의정부시,2021-11,10098.0,987006.0,872350.0
의정부시,2021-10,8872.0,704259.0,712744.0
의정부시,2021-09,9374.0,807812.0,966256.0
의정부시,2021-08,3612.0,807812.0,966256.0
의정부시,2021-07,3789.0,807812.0,966256.0
의정부시,2021-06,13781.0,1249421.0,1111591.0
의정부시,2021-05,3583.0,854996.0,855914.0
의정부시,2021-04,5931.0,907645.0,816761.0
의정부시,2021-03,7582.0,823851.0,577381.0
의정부시,2021-02,16159.0,823851.0,577381.0
의정부시,2021-01,8162.0,542543.0,542919.0
이천시,2022-12,1394.0,1198837.0,1236242.0
이천시,2022-11,1501.0,966577.0,1283572.0
이천시,2022-10,1530.0,1625730.0,1181860.0
이천시,2022-09,2011.0,1220014.0,1324974.0
이천시,2022-08,1961.0,1043010.0,1308961.0
이천시,2022-07,2714.0,1198837.0,1236242.0
이천시,2022-06,1505.0,1125196.0,1011054.0
이천시,2022-05,1549.0,1058441.0,1044917.0
이천시,2022-04,1092.0,937163.0,901415.0
이천시,2022-03,928.0,846365.0,836138.0
이천시,2022-02,1045.0,742577.0,747033.0
이천시,2022-01,3182.0,846979.0,1220059.0
이천시,2021-12,11511.0,731323.0,899624.0
이천시,2021-11,53779.0,866232.0,512908.0
이천시,2021-10,7940.0,492408.0,501797.0
이천시,2021-09,5274.0,669174.0,681330.0
이천시,2021-08,2283.0,669174.0,681330.0
이천시,2021-07,2371.0,669174.0,681330.0
이천시,2021-06,5543.0,793915.0,689058.0
이천시,2021-05,1695.0,557315.0,569386.0
이천시,2021-04,3609.0,548495.0,515755.0
이천시,2021-03,3254.0,363365.0,321125.0
이천시,2021-02,7372.0,363365.0,321125.0
이천시,2021-01,3920.0,358259.0,408143.0
파주시,2022-12,3201.0,943712.0,1114329.0
파주시,2022-11,3502.0,1124324.0,1367488.0
파주시,2022-10,3540.0,1441537.0,1445338.0
파주시,2022-09,4037.0,1689725.0,1453317.0
파주시,2022-08,4362.0,1439443.0,1556567.0
파주시,2022-07,5397.0,943712.0,1114329.0
파주시,2022-06,2542.0,1377554.0,1370434.0
파주시,2022-05,2818.0,1388643.0,1452269.0
파주시,2022-04,3051.0,1459007.0,1433892.0
파주시,2022-03,2828.0,1402826.0,1364181.0
파주시,2022-02,2977.0,1199955.0,1140880.0
파주시,2022-01,3549.0,1374657.0,1276418.0
파주시,2021-12,4539.0,930190.0,1203469.0
파주시,2021-11,11399.0,1393175.0,1152233.0
파주시,2021-10,9437.0,937695.0,925710.0
파주시,2021-09,10373.0,1145024.0,1284930.0
파주시,2021-08,4520.0,1145024.0,1284930.0
파주시,2021-07,5138.0,1145024.0,1284930.0
파주시,2021-06,16942.0,1455815.0,1340902.0
파주시,2021-05,10829.0,970422.0,912383.0
파주시,2021-04,8553.0,1139742.0,1055277.0
파주시,2021-03,8565.0,711192.0,613579.0
파주시,2021-02,12210.0,711192.0,613579.0
파주시,2021-01,7290.0,729930.0,782388.0
평택시,2022-12,5889.0,2163633.0,1967207.0
평택시,2022-11,5067.0,1610329.0,1751995.0
평택시,2022-10,6518.0,1995020.0,1822519.0
평택시,2022-09,6259.0,1700598.0,1594351.0
평택시,2022-08,7054.0,1497785.0,1430546.0
평택시,2022-07,4351.0,2163633.0,1967207.0
평택시,2022-06,4688.0,1168387.0,1326954.0
평택시,2022-05,2892.0,1431584.0,1145157.0
평택시,2022-04,3532.0,1176516.0,1140442.0
평택시,2022-03,2640.0,1098236.0,1075763.0
평택시,2022-02,3531.0,903400.0,919770.0
평택시,2022-01,4054.0,976448.0,1090398.0
평택시,2021-12,6576.0,987517.0,1239751.0
평택시,2021-11,15500.0,1670764.0,1247027.0
평택시,2021-10,13566.0,1005901.0,1053740.0
평택시,2021-09,13317.0,1658349.0,1745726.0
평택시,2021-08,6031.0,1658349.0,1745726.0
평택시,2021-07,6849.0,1658349.0,1745726.0
평택시,2021-06,28441.0,2102864.0,1795309.0
평택시,2021-05,6686.0,1368152.0,1233571.0
평택시,2021-04,14014.0,1259189.0,1108148.0
평택시,2021-03,9599.0,753856.0,602568.0
평택시,2021-02,17949.0,753856.0,602568.0
평택시,2021-01,9449.0,689703.0,728340.0
포천시,2022-12,759.0,337732.0,356120.0
포천시,2022-11,820.0,306837.0,428291.0
포천시,2022-10,984.0,506146.0,368805.0
포천시,2022-09,1049.0,299385.0,450486.0
포천시,2022-08,1388.0,500024.0,455870.0
포천시,2022-07,2000.0,337732.0,356120.0
포천시,2022-06,1608.0,808648.0,370266.0
포천시,2022-05,857.0,316674.0,327840.0
포천시,2022-04,765.0,313699.0,319502.0
포천시,2022-03,771.0,331103.0,286460.0
포천시,2022-02,2312.0,234606.0,269185.0
포천시,2022-01,1763.0,266943.0,376832.0
포천시,2021-12,4284.0,261241.0,347772.0
포천시,2021-11,7630.0,400022.0,243407.0
포천시,2021-10,2855.0,177030.0,189903.0
포천시,2021-09,4713.0,232794.0,261326.0
포천시,2021-08,1130.0,232794.0,261326.0
포천시,2021-07,1188.0,232794.0,261326.0
포천시,2021-06,2724.0,314061.0,314451.0
포천시,2021-05,1559.0,270116.0,252321.0
포천시,2021-04,5540.0,244903.0,222044.0
포천시,2021-03,5712.0,149388.0,94580.0
포천시,2021-02,8257.0,149388.0,94580.0
포천시,2021-01,2145.0,147157.0,151790.0
하남시,2022-12,2286.0,672593.0,1134757.0
하남시,2022-11,2824.0,1531947.0,1895631.0
하남시,2022-10,4246.0,2456818.0,2250630.0
하남시,2022-09,3531.0,2753746.0,2098486.0
하남시,2022-08,4536.0,1335706.0,1519887.0
하남시,2022-07,5450.0,672593.0,1134757.0
하남시,2022-06,3611.0,1628340.0,1952848.0
하남시,2022-05,3730.0,2708675.0,2448114.0
하남시,2022-04,4312.0,2260074.0,2102091.0
하남시,2022-03,3534.0,1119521.0,1734124.0
하남시,2022-02,4045.0,2199838.0,1923064.0
하남시,2022-01,4172.0,1878125.0,2008377.0
하남시,2021-12,4363.0,1539963.0,2020430.0
하남시,2021-11,7218.0,2355817.0,1904097.0
하남시,2021-10,7507.0,1316400.0,1426492.0
하남시,2021-09,8006.0,1009075.0,1116510.0
하남시,2021-08,3915.0,1009075.0,1116510.0
하남시,2021-07,4135.0,1009075.0,1116510.0
하남시,2021-06,12799.0,1233324.0,1370650.0
하남시,2021-05,4153.0,1164640.0,1388095.0
하남시,2021-04,5439.0,1404531.0,1472175.0
하남시,2021-03,5811.0,1478350.0,1085787.0
하남시,2021-02,8152.0,1478350.0,1085787.0
하남시,2021-01,5036.0,1678666.0,1208762.0
화성시,2022-12,5952.0,4454625.0,3755045.0
화성시,2022-11,6159.0,3805489.0,3599215.0
화성시,2022-10,6447.0,4064463.0,3696927.0
화성시,2022-09,5000.0,4480354.0,3506075.0
화성시,2022-08,5261.0,2411074.0,2890327.0
화성시,2022-07,5499.0,4454625.0,3755045.0
화성시,2022-06,5429.0,3499082.0,3188195.0
화성시,2022-05,5738.0,3209332.0,3383663.0
화성시,2022-04,5990.0,3366411.0,3389212.0
화성시,2022-03,5886.0,3247078.0,3437216.0
화성시,2022-02,6309.0,2863682.0,3043390.0
화성시,2022-01,6453.0,2871221.0,3684500.0
화성시,2021-12,8552.0,4271630.0,3892388.0
화성시,2021-11,14975.0,4698235.0,3214916.0
화성시,2021-10,15220.0,2003071.0,1868383.0
화성시,2021-09,15106.0,2185455.0,2545333.0
화성시,2021-08,6868.0,2185455.0,2545333.0
화성시,2021-07,7297.0,2185455.0,2545333.0
화성시,2021-06,19051.0,3855625.0,3666428.0
화성시,2021-05,7615.0,2695582.0,2757823.0
화성시,2021-04,23662.0,2789792.0,2789886.0
화성시,2021-03,13378.0,1801626.0,2019251.0
화성시,2021-02,23305.0,1801626.0,2019251.0
화성시,2021-01,12936.0,3284509.0,3131276.0
